{
  "avg_v": [
    41.86,
    18.39,
    25.87,
    16.3,
    25.455455455455457,
    16.85370741482966,
    25.626880641925776,
    17.79116465863454,
    25.28643216080402,
    18.29979879275654,
    25.639476334340383,
    18.70967741935484,
    25.42885973763875,
    19.13131313131313,
    25.682507583417593,
    20.060728744939272,
    25.562310030395135,
    21.56186612576065,
    25.076142131979694,
    21.65650406504065,
    25.005086469989827,
    21.180061037639877,
    25.055951169888097,
    22.177009155645983,
    25.60528992878942,
    22.24821973550356,
    25.615462868769075,
    22.16683621566633,
    25.503560528992878,
    23.153611393692778,
    25.442522889114954,
    23.224821973550355,
    26.185147507629704,
    24.577822990844354,
    26.052899287894203,
    24.526958290946084,
    25.98168870803662,
    24.765784114052952,
    26.20162932790224,
    24.470468431771895,
    26.507128309572302,
    24.867617107942973,
    26.670061099796335,
    26.09979633401222,
    26.3302752293578,
    26.397959183673468,
    26.581632653061224,
    26.306122448979593,
    26.908163265306122,
    26.806122448979593,
    26.979591836734695,
    26.193877551020407,
    26.867346938775512,
    26.877551020408163,
    25.43877551020408
  ],
  "avg_vmax": [
    59.29,
    59.29,
    59.29,
    59.29,
    59.289289289289286,
    59.28857715430862,
    59.28786359077232,
    59.28714859437751,
    59.28643216080402,
    59.285714285714285,
    59.284994964753274,
    59.284274193548384,
    59.283551967709386,
    59.282828282828284,
    59.28210313447927,
    59.28137651821862,
    59.2806484295846,
    59.27991886409736,
    59.27918781725889,
    59.27845528455285,
    59.277721261444555,
    59.277721261444555,
    59.277721261444555,
    59.277721261444555,
    59.277721261444555,
    59.277721261444555,
    59.277721261444555,
    59.277721261444555,
    59.277721261444555,
    59.277721261444555,
    59.277721261444555,
    59.277721261444555,
    59.277721261444555,
    59.277721261444555,
    59.277721261444555,
    59.277721261444555,
    59.277721261444555,
    59.276985743380855,
    59.276985743380855,
    59.276985743380855,
    59.276985743380855,
    59.276985743380855,
    59.276985743380855,
    59.276985743380855,
    59.27624872579001,
    59.275510204081634,
    59.275510204081634,
    59.275510204081634,
    59.275510204081634,
    59.275510204081634,
    59.275510204081634,
    59.275510204081634,
    59.275510204081634,
    59.275510204081634,
    59.275510204081634
  ],
  "iteration": [
    0,
    1,
    2,
    3,
    4,
    5,
    6,
    7,
    8,
    9,
    10,
    11,
    12,
    13,
    14,
    15,
    16,
    17,
    18,
    19,
    20,
    21,
    22,
    23,
    24,
    25,
    26,
    27,
    28,
    29,
    30,
    31,
    32,
    33,
    34,
    35,
    36,
    37,
    38,
    39,
    40,
    41,
    42,
    43,
    44,
    45,
    46,
    47,
    48,
    49,
    50,
    51,
    52,
    53,
    54
  ],
  "diffrence_v_vmax": [
    70.6021251475797,
    31.017034913138808,
    43.63299038623714,
    27.491988530949573,
    42.93432382238731,
    28.42656751732297,
    43.2244967010658,
    30.008467400508042,
    42.65129682997118,
    30.86713049380621,
    43.24783421097333,
    31.559258629484788,
    42.8936170212766,
    32.271255750553756,
    43.32253112740918,
    33.83984975243299,
    43.12083404546231,
    36.372968349016254,
    42.30176400068505,
    36.53351620092577,
    42.182941479320405,
    35.73022138321606,
    42.268748927406904,
    37.412047365711345,
    43.19546936674104,
    37.53217779303244,
    43.21263085635834,
    37.394885876094044,
    43.02385447056805,
    39.059550368972026,
    42.920885532864254,
    39.17968079629312,
    44.173674274927066,
    41.46215891539386,
    43.95057490990219,
    41.376351467307366,
    43.830444482581086,
    41.77976292733207,
    44.202027143102555,
    41.28156674110978,
    44.717402508160106,
    41.951554715684594,
    44.99226936952414,
    44.03023535475004,
    44.419604471195186,
    44.5343432604579,
    44.84420726458943,
    44.37941125839215,
    45.39507660526769,
    45.22292993630573,
    45.51557927354106,
    44.190049922533994,
    45.326217937682905,
    45.3434326045791,
    42.91616457221553
  ],
  "number_of_cars": [
    1000,
    1000,
    1000,
    1000,
    999,
    998,
    997,
    996,
    995,
    994,
    993,
    992,
    991,
    990,
    989,
    988,
    987,
    986,
    985,
    984,
    983,
    983,
    983,
    983,
    983,
    983,
    983,
    983,
    983,
    983,
    983,
    983,
    983,
    983,
    983,
    983,
    983,
    982,
    982,
    982,
    982,
    982,
    982,
    982,
    981,
    980,
    980,
    980,
    980,
    980,
    980,
    980,
    980,
    980,
    980
  ],
  "time": [
    7.009506225585938e-05,
    0.0998680591583252,
    0.2000560760498047,
    0.30039095878601074,
    0.40116000175476074,
    0.5010261535644531,
    0.6013720035552979,
    0.7010581493377686,
    0.8014421463012695,
    0.9029631614685059,
    1.0030231475830078,
    1.1033251285552979,
    1.2031490802764893,
    1.30275297164917,
    1.4028830528259277,
    1.5028669834136963,
    1.6033611297607422,
    1.7030150890350342,
    1.8031220436096191,
    1.904008150100708,
    2.003817081451416,
    2.1037850379943848,
    2.204364061355591,
    2.304166078567505,
    2.404118061065674,
    2.5041260719299316,
    2.604372024536133,
    2.7034809589385986,
    2.803570032119751,
    2.9052720069885254,
    3.0051920413970947,
    3.1054141521453857,
    3.2057571411132812,
    3.306128978729248,
    3.4064111709594727,
    3.5066170692443848,
    3.6073789596557617,
    3.7074100971221924,
    3.808251142501831,
    3.9089109897613525,
    4.00856614112854,
    4.1094629764556885,
    4.209884166717529,
    4.309880018234253,
    4.410037040710449,
    4.510497093200684,
    4.61113715171814,
    4.711188077926636,
    4.811289072036743,
    4.911868095397949,
    5.0116541385650635,
    5.112234115600586,
    5.212318181991577,
    5.311906099319458,
    5.412150144577026
  ]
}