{
  "avg_v": [
    43.2,
    32.6,
    33.7,
    31.1,
    39.19191919191919,
    34.04040404040404,
    40.51020408163265,
    35.51020408163265,
    43.775510204081634,
    37.6530612244898,
    43.87755102040816,
    40.816326530612244,
    42.142857142857146,
    38.87755102040816,
    40.714285714285715,
    40.30612244897959,
    42.55102040816327,
    42.6530612244898,
    42.857142857142854
  ],
  "avg_vmax": [
    59.7,
    59.7,
    59.7,
    59.7,
    59.696969696969695,
    59.696969696969695,
    59.69387755102041,
    59.69387755102041,
    59.69387755102041,
    59.69387755102041,
    59.69387755102041,
    59.69387755102041,
    59.69387755102041,
    59.69387755102041,
    59.69387755102041,
    59.69387755102041,
    59.69387755102041,
    59.69387755102041,
    59.69387755102041
  ],
  "iteration": [
    0,
    1,
    2,
    3,
    4,
    5,
    6,
    7,
    8,
    9,
    10,
    11,
    12,
    13,
    14,
    15,
    16,
    17,
    18
  ],
  "diffrence_v_vmax": [
    72.36180904522614,
    54.60636515912898,
    56.44891122278057,
    52.09380234505863,
    65.65143824027074,
    57.021996615905245,
    67.86324786324786,
    59.48717948717949,
    73.33333333333334,
    63.07692307692307,
    73.50427350427351,
    68.37606837606837,
    70.5982905982906,
    65.12820512820512,
    68.2051282051282,
    67.52136752136752,
    71.28205128205128,
    71.45299145299145,
    71.7948717948718
  ],
  "number_of_cars": [
    100,
    100,
    100,
    100,
    99,
    99,
    98,
    98,
    98,
    98,
    98,
    98,
    98,
    98,
    98,
    98,
    98,
    98,
    98
  ],
  "time": [
    1.0011310577392578,
    1.1019461154937744,
    1.2021269798278809,
    1.3012850284576416,
    1.4019641876220703,
    1.5019800662994385,
    1.601288080215454,
    1.7022161483764648,
    1.8026611804962158,
    1.9022541046142578,
    2.0023491382598877,
    2.102593183517456,
    2.2030701637268066,
    2.3022611141204834,
    2.403156042098999,
    2.503462076187134,
    2.6032910346984863,
    2.7033560276031494,
    2.8041040897369385
  ]
}