{"avg_v": [44.9, 29.9, 25.4, 33.2, 29.5, 35.1, 32.82828282828283, 33.63636363636363, 33.97959183673469, 36.63265306122449, 34.38775510204081, 35.0, 33.16326530612245, 35.61224489795919, 34.48979591836735, 34.183673469387756, 35.204081632653065, 35.51020408163265, 37.04081632653061, 35.40816326530612, 36.12244897959184, 36.63265306122449, 36.93877551020408, 33.97959183673469, 36.93877551020408, 36.02040816326531, 39.69387755102041, 36.93877551020408, 37.44897959183673, 35.30612244897959, 37.142857142857146, 34.69387755102041, 35.714285714285715, 37.3469387755102, 36.63265306122449, 35.0, 35.61224489795919, 35.10204081632653, 39.59183673469388, 35.0, 39.89795918367347, 34.69387755102041, 38.16326530612245, 34.08163265306123, 40.0, 37.04081632653061, 39.795918367346935, 36.42857142857143, 37.755102040816325, 37.04081632653061, 40.0], "avg_vmax": [49.3, 49.3, 49.3, 49.3, 49.3, 49.3, 49.292929292929294, 49.292929292929294, 49.183673469387756, 49.183673469387756, 49.183673469387756, 49.183673469387756, 49.183673469387756, 49.183673469387756, 49.183673469387756, 49.183673469387756, 49.183673469387756, 49.183673469387756, 49.183673469387756, 49.183673469387756, 49.183673469387756, 49.183673469387756, 49.183673469387756, 49.183673469387756, 49.183673469387756, 49.183673469387756, 49.183673469387756, 49.183673469387756, 49.183673469387756, 49.183673469387756, 49.183673469387756, 49.183673469387756, 49.183673469387756, 49.183673469387756, 49.183673469387756, 49.183673469387756, 49.183673469387756, 49.183673469387756, 49.183673469387756, 49.183673469387756, 49.183673469387756, 49.183673469387756, 49.183673469387756, 49.183673469387756, 49.183673469387756, 49.183673469387756, 49.183673469387756, 49.183673469387756, 49.183673469387756, 49.183673469387756, 49.183673469387756], "iteration": [0, 1, 2, 3, 4, 5, 6, 7, 8, 9, 10, 11, 12, 13, 14, 15, 16, 17, 18, 19, 20, 21, 22, 23, 24, 25, 26, 27, 28, 29, 30, 31, 32, 33, 34, 35, 36, 37, 38, 39, 40, 41, 42, 43, 44, 45, 46, 47, 48, 49, 50], "diffrence_v_vmax": [91.07505070993915, 60.649087221095336, 51.52129817444219, 67.34279918864098, 59.83772819472617, 71.19675456389453, 66.59836065573771, 68.23770491803278, 69.08713692946058, 74.48132780082986, 69.91701244813278, 71.16182572614107, 67.42738589211618, 72.40663900414938, 70.12448132780084, 69.50207468879668, 71.57676348547717, 72.19917012448133, 75.31120331950207, 71.99170124481327, 73.44398340248962, 74.48132780082986, 75.10373443983403, 69.08713692946058, 75.10373443983403, 73.23651452282158, 80.70539419087136, 75.10373443983403, 76.14107883817427, 71.78423236514523, 75.51867219917014, 70.53941908713692, 72.61410788381743, 75.93360995850622, 74.48132780082986, 71.16182572614107, 72.40663900414938, 71.36929460580912, 80.49792531120332, 71.16182572614107, 81.12033195020747, 70.53941908713692, 77.59336099585062, 69.29460580912864, 81.32780082987551, 75.31120331950207, 80.91286307053942, 74.06639004149378, 76.76348547717842, 75.31120331950207, 81.32780082987551]}