{"avg_v": [1.3142857142857143, 0.4857142857142857, 0.7, 0.7142857142857143, 0.7142857142857143, 0.7285714285714285, 0.7285714285714285, 0.7428571428571429, 0.7285714285714285, 0.7714285714285715, 0.7142857142857143, 0.8, 0.8, 0.9571428571428572, 0.8, 0.7714285714285715, 0.7285714285714285, 1.0, 0.8571428571428571, 0.9, 0.8571428571428571, 0.9428571428571428, 0.8285714285714286, 0.9714285714285714, 0.9714285714285714, 1.0285714285714285, 1.0285714285714285, 1.1714285714285715, 1.0142857142857142, 1.1], "avg_vmax": [1.9428571428571428, 1.9428571428571428, 1.9428571428571428, 1.9428571428571428, 1.9428571428571428, 1.9428571428571428, 1.9428571428571428, 1.9428571428571428, 1.9428571428571428, 1.9428571428571428, 1.9428571428571428, 1.9428571428571428, 1.9428571428571428, 1.9428571428571428, 1.9428571428571428, 1.9428571428571428, 1.9428571428571428, 1.9428571428571428, 1.9428571428571428, 1.9428571428571428, 1.9428571428571428, 1.9428571428571428, 1.9428571428571428, 1.9428571428571428, 1.9428571428571428, 1.9428571428571428, 1.9428571428571428, 1.9428571428571428, 1.9428571428571428, 1.9428571428571428], "iteration": [0, 1, 2, 3, 4, 5, 6, 7, 8, 9, 10, 11, 12, 13, 14, 15, 16, 17, 18, 19, 20, 21, 22, 23, 24, 25, 26, 27, 28, 29], "diffrence_v_vmax": [67.64705882352942, 25.0, 36.029411764705884, 36.76470588235294, 36.76470588235294, 37.5, 37.5, 38.235294117647065, 37.5, 39.70588235294118, 36.76470588235294, 41.1764705882353, 41.1764705882353, 49.26470588235294, 41.1764705882353, 39.70588235294118, 37.5, 51.47058823529412, 44.11764705882353, 46.32352941176471, 44.11764705882353, 48.529411764705884, 42.64705882352941, 50.0, 50.0, 52.94117647058824, 52.94117647058824, 60.29411764705883, 52.20588235294118, 56.617647058823536]}