{"avg_v": [43.7, 27.7, 32.7, 24.3, 34.7, 31.91919191919192, 37.07070707070707, 35.25252525252525, 41.717171717171716, 36.26262626262626, 39.5959595959596, 37.57575757575758, 42.121212121212125, 40.90909090909091, 42.92929292929293, 41.313131313131315, 45.25252525252525, 42.92929292929293, 44.64646464646464, 43.535353535353536, 45.85858585858586, 42.42424242424242, 45.45454545454545, 38.78787878787879, 44.54545454545455, 39.39393939393939, 47.474747474747474, 43.93939393939394, 46.76767676767677, 43.13131313131313, 45.95959595959596, 42.22222222222222, 46.56565656565657, 42.22222222222222, 46.96969696969697, 42.42424242424242, 47.142857142857146, 41.83673469387755, 46.93877551020408, 42.142857142857146, 47.55102040816327, 43.16326530612245, 48.06122448979592, 43.36734693877551, 47.6530612244898, 40.91836734693877, 43.81443298969072, 39.07216494845361, 41.75257731958763, 40.20618556701031, 39.381443298969074, 37.7319587628866, 37.93814432989691, 33.81443298969072, 32.47422680412371, 34.166666666666664, 31.354166666666668, 35.208333333333336, 30.3125, 37.291666666666664, 32.8125, 38.75, 33.4375, 41.473684210526315, 33.51063829787234, 42.12765957446808, 34.04255319148936, 39.784946236559136, 32.608695652173914, 39.891304347826086, 38.26086956521739, 42.608695652173914], "avg_vmax": [59.4, 59.4, 59.4, 59.4, 59.4, 59.494949494949495, 59.494949494949495, 59.494949494949495, 59.494949494949495, 59.494949494949495, 59.494949494949495, 59.494949494949495, 59.494949494949495, 59.494949494949495, 59.494949494949495, 59.494949494949495, 59.494949494949495, 59.494949494949495, 59.494949494949495, 59.494949494949495, 59.494949494949495, 59.494949494949495, 59.494949494949495, 59.494949494949495, 59.494949494949495, 59.494949494949495, 59.494949494949495, 59.494949494949495, 59.494949494949495, 59.494949494949495, 59.494949494949495, 59.494949494949495, 59.494949494949495, 59.494949494949495, 59.494949494949495, 59.494949494949495, 59.48979591836735, 59.48979591836735, 59.48979591836735, 59.48979591836735, 59.48979591836735, 59.48979591836735, 59.48979591836735, 59.48979591836735, 59.48979591836735, 59.48979591836735, 59.48453608247423, 59.48453608247423, 59.48453608247423, 59.48453608247423, 59.48453608247423, 59.48453608247423, 59.48453608247423, 59.48453608247423, 59.48453608247423, 59.479166666666664, 59.479166666666664, 59.479166666666664, 59.479166666666664, 59.479166666666664, 59.479166666666664, 59.479166666666664, 59.479166666666664, 59.473684210526315, 59.46808510638298, 59.46808510638298, 59.46808510638298, 59.46236559139785, 59.45652173913044, 59.45652173913044, 59.45652173913044, 59.45652173913044], "iteration": [0, 1, 2, 3, 4, 5, 6, 7, 8, 9, 10, 11, 12, 13, 14, 15, 16, 17, 18, 19, 20, 21, 22, 23, 24, 25, 26, 27, 28, 29, 30, 31, 32, 33, 34, 35, 36, 37, 38, 39, 40, 41, 42, 43, 44, 45, 46, 47, 48, 49, 50, 51, 52, 53, 54, 55, 56, 57, 58, 59, 60, 61, 62, 63, 64, 65, 66, 67, 68, 69, 70, 71], "diffrence_v_vmax": [73.56902356902357, 46.63299663299663, 55.05050505050506, 40.909090909090914, 58.41750841750842, 53.650254668930394, 62.30899830220713, 59.25297113752123, 70.11884550084889, 60.95076400679117, 66.553480475382, 63.15789473684211, 70.79796264855688, 68.76061120543294, 72.15619694397283, 69.43972835314092, 76.06112054329371, 72.15619694397283, 75.04244482173175, 73.1748726655348, 77.07979626485569, 71.30730050933785, 76.4006791171477, 65.19524617996605, 74.87266553480477, 66.21392190152801, 79.79626485568761, 73.85398981324278, 78.60780984719864, 72.49575551782682, 77.24957555178268, 70.96774193548387, 78.26825127334466, 70.96774193548387, 78.94736842105263, 71.30730050933785, 79.24528301886792, 70.32590051457976, 78.90222984562607, 70.84048027444254, 79.93138936535163, 72.5557461406518, 80.78902229845626, 72.89879931389366, 80.10291595197255, 68.7821612349914, 73.65684575389947, 65.68457538994801, 70.19064124783363, 67.59098786828423, 66.20450606585788, 63.43154246100519, 63.77816291161178, 56.845753899480066, 54.59272097053726, 57.4430823117338, 52.71453590192645, 59.194395796847644, 50.96322241681261, 62.6970227670753, 55.166374781085814, 65.14886164623468, 56.21716287215411, 69.73451327433628, 56.35062611806798, 70.84078711985688, 57.24508050089445, 66.90777576853526, 54.844606946983546, 67.09323583180988, 64.35100548446069, 71.66361974405851], "number_of_cars": [100, 100, 100, 100, 100, 99, 99, 99, 99, 99, 99, 99, 99, 99, 99, 99, 99, 99, 99, 99, 99, 99, 99, 99, 99, 99, 99, 99, 99, 99, 99, 99, 99, 99, 99, 99, 98, 98, 98, 98, 98, 98, 98, 98, 98, 98, 97, 97, 97, 97, 97, 97, 97, 97, 97, 96, 96, 96, 96, 96, 96, 96, 96, 95, 94, 94, 94, 93, 92, 92, 92, 92]}