{
  "avg_v": [
    44.1,
    26.4,
    36.0
  ],
  "avg_vmax": [
    59.0,
    59.0,
    59.0
  ],
  "iteration": [
    0,
    1,
    2
  ],
  "diffrence_v_vmax": [
    74.7457627118644,
    44.74576271186441,
    61.016949152542374
  ],
  "number_of_cars": [
    100,
    100,
    100
  ],
  "time": [
    1.0011489391326904,
    1.1008529663085938,
    1.2003560066223145
  ]
}