{"avg_v": [1.3285714285714285, 0.38571428571428573, 0.7142857142857143, 0.42857142857142855, 0.6857142857142857, 0.4714285714285714, 0.7571428571428571, 0.6, 0.8, 0.6428571428571429, 0.8428571428571429, 0.6142857142857143, 0.8285714285714286, 0.6714285714285714, 0.8428571428571429, 0.7857142857142857, 0.8857142857142857, 0.7, 0.7285714285714285, 0.6285714285714286, 0.8714285714285714, 0.7428571428571429, 0.8714285714285714, 0.7857142857142857, 0.9428571428571428, 0.8, 0.9571428571428572, 0.8428571428571429, 0.9285714285714286, 0.7285714285714285, 0.9857142857142858, 0.6714285714285714, 1.0285714285714285, 0.8142857142857143, 0.9428571428571428, 0.7714285714285715, 0.9857142857142858, 0.9285714285714286, 0.9571428571428572, 0.8142857142857143, 1.042857142857143, 0.8571428571428571, 1.1285714285714286, 0.9571428571428572, 1.2285714285714286, 1.0, 1.2571428571428571, 1.0142857142857142, 1.2428571428571429, 0.9571428571428572, 1.1285714285714286, 1.0857142857142856, 1.1285714285714286, 0.9571428571428572, 1.1571428571428573, 0.9428571428571428, 1.1571428571428573, 1.0, 1.1285714285714286, 1.0285714285714285, 1.042857142857143, 1.0857142857142856, 1.1857142857142857, 1.2, 1.0714285714285714, 1.1142857142857143, 1.3285714285714285, 1.2428571428571429, 1.1285714285714286, 1.0571428571428572, 1.2285714285714286, 1.3285714285714285, 1.2571428571428571, 1.1428571428571428, 1.2285714285714286, 1.3142857142857143, 1.3571428571428572, 1.1285714285714286, 1.2142857142857142, 1.3, 1.4, 1.3428571428571427, 1.1, 1.2285714285714286, 1.2571428571428571], "avg_vmax": [2.0, 2.0, 2.0, 2.0, 2.0, 2.0, 2.0, 2.0, 2.0, 2.0, 2.0, 2.0, 2.0, 2.0, 2.0, 2.0, 2.0, 2.0, 2.0, 2.0, 2.0, 2.0, 2.0, 2.0, 2.0, 2.0, 2.0, 2.0, 2.0, 2.0, 2.0, 2.0, 2.0, 2.0, 2.0, 2.0, 2.0, 2.0, 2.0, 2.0, 2.0, 2.0, 2.0, 2.0, 2.0, 2.0, 2.0, 2.0, 2.0, 2.0, 2.0, 2.0, 2.0, 2.0, 2.0, 2.0, 2.0, 2.0, 2.0, 2.0, 2.0, 2.0, 2.0, 2.0, 2.0, 2.0, 2.0, 2.0, 2.0, 2.0, 2.0, 2.0, 2.0, 2.0, 2.0, 2.0, 2.0, 2.0, 2.0, 2.0, 2.0, 2.0, 2.0, 2.0, 2.0], "iteration": [0, 1, 2, 3, 4, 5, 6, 7, 8, 9, 10, 11, 12, 13, 14, 15, 16, 17, 18, 19, 20, 21, 22, 23, 24, 25, 26, 27, 28, 29, 30, 31, 32, 33, 34, 35, 36, 37, 38, 39, 40, 41, 42, 43, 44, 45, 46, 47, 48, 49, 50, 51, 52, 53, 54, 55, 56, 57, 58, 59, 60, 61, 62, 63, 64, 65, 66, 67, 68, 69, 70, 71, 72, 73, 74, 75, 76, 77, 78, 79, 80, 81, 82, 83, 84], "diffrence_v_vmax": [66.42857142857143, 19.28571428571429, 35.714285714285715, 21.428571428571427, 34.285714285714285, 23.57142857142857, 37.857142857142854, 30.0, 40.0, 32.142857142857146, 42.142857142857146, 30.714285714285715, 41.42857142857143, 33.57142857142857, 42.142857142857146, 39.285714285714285, 44.285714285714285, 35.0, 36.42857142857142, 31.428571428571427, 43.57142857142857, 37.142857142857146, 43.57142857142857, 39.285714285714285, 47.14285714285714, 40.0, 47.85714285714286, 42.142857142857146, 46.42857142857143, 36.42857142857142, 49.28571428571429, 33.57142857142857, 51.42857142857142, 40.714285714285715, 47.14285714285714, 38.57142857142858, 49.28571428571429, 46.42857142857143, 47.85714285714286, 40.714285714285715, 52.142857142857146, 42.857142857142854, 56.42857142857143, 47.85714285714286, 61.42857142857143, 50.0, 62.857142857142854, 50.71428571428571, 62.142857142857146, 47.85714285714286, 56.42857142857143, 54.285714285714285, 56.42857142857143, 47.85714285714286, 57.85714285714286, 47.14285714285714, 57.85714285714286, 50.0, 56.42857142857143, 51.42857142857142, 52.142857142857146, 54.285714285714285, 59.285714285714285, 60.0, 53.57142857142857, 55.714285714285715, 66.42857142857143, 62.142857142857146, 56.42857142857143, 52.85714285714286, 61.42857142857143, 66.42857142857143, 62.857142857142854, 57.14285714285714, 61.42857142857143, 65.71428571428571, 67.85714285714286, 56.42857142857143, 60.71428571428571, 65.0, 70.0, 67.14285714285714, 55.00000000000001, 61.42857142857143, 62.857142857142854]}