{
  "avg_v": [
    43.3,
    27.1,
    36.3,
    25.050505050505052,
    36.93877551020408
  ],
  "avg_vmax": [
    59.1,
    59.1,
    59.1,
    59.09090909090909,
    59.08163265306123
  ],
  "iteration": [
    0,
    1,
    2,
    3,
    4
  ],
  "diffrence_v_vmax": [
    73.26565143824027,
    45.854483925549914,
    61.42131979695431,
    42.39316239316239,
    62.5215889464594
  ],
  "number_of_cars": [
    100,
    100,
    100,
    99,
    98
  ],
  "time": [
    1.0010859966278076,
    1.1004688739776611,
    1.20045804977417,
    1.3006489276885986,
    1.400846004486084
  ]
}