{"avg_v": [43.7, 31.9, 33.0, 31.7, 36.4, 34.4, 36.3, 34.9, 36.5, 34.7, 39.6, 37.0, 43.9, 39.0, 43.0, 39.9, 44.3, 40.6, 44.9, 42.5, 47.0, 41.3, 46.6, 42.6, 44.9, 45.5, 45.4, 45.2, 46.5, 46.3, 46.3, 44.2, 46.0, 43.2, 43.9, 43.4, 45.4, 45.8, 45.8, 47.0, 46.4, 44.9, 47.9, 46.26262626262626, 45.35353535353536, 46.36363636363637, 45.55555555555556, 46.56565656565657, 44.94949494949495, 44.44444444444444, 42.22222222222222, 41.42857142857143, 40.0, 39.175257731958766, 37.52577319587629, 35.876288659793815, 33.608247422680414, 35.05154639175258, 37.31958762886598, 35.97938144329897, 35.876288659793815, 35.25773195876289, 37.52577319587629, 34.63917525773196, 36.28865979381443, 32.68041237113402, 36.597938144329895, 28.144329896907216, 35.97938144329897, 29.175257731958762, 35.77319587628866, 30.61855670103093, 37.21649484536083, 33.29896907216495, 35.670103092783506, 33.608247422680414, 35.56701030927835, 35.670103092783506, 39.0625, 37.1875, 37.916666666666664, 37.78947368421053, 38.297872340425535, 39.03225806451613, 38.91304347826087, 40.43478260869565, 39.67032967032967, 39.666666666666664, 39.333333333333336, 39.888888888888886, 40.0, 41.55555555555556, 43.22222222222222, 45.44444444444444, 42.22222222222222, 46.888888888888886, 42.55555555555556, 49.662921348314605, 44.31818181818182, 49.88505747126437, 43.67816091954023, 47.701149425287355, 48.160919540229884, 48.275862068965516, 48.39080459770115, 51.49425287356322, 47.81609195402299, 52.64367816091954, 48.04597701149425, 52.52873563218391, 48.62068965517241, 50.57471264367816, 50.11494252873563, 52.325581395348834, 48.372093023255815, 51.411764705882355, 47.023809523809526, 49.642857142857146, 46.30952380952381, 47.71084337349398, 46.09756097560975, 49.25925925925926, 47.125, 49.5, 47.721518987341774, 48.9873417721519, 46.92307692307692, 49.35064935064935, 46.883116883116884, 49.87012987012987, 45.26315789473684], "avg_vmax": [59.7, 59.7, 59.7, 59.7, 59.7, 59.7, 59.7, 59.7, 59.7, 59.7, 59.7, 59.7, 59.7, 59.7, 59.7, 59.7, 59.7, 59.7, 59.7, 59.7, 59.7, 59.7, 59.7, 59.7, 59.7, 59.7, 59.7, 59.7, 59.7, 59.7, 59.7, 59.7, 59.7, 59.7, 59.7, 59.7, 59.7, 59.7, 59.7, 59.7, 59.7, 59.7, 59.7, 59.696969696969695, 59.696969696969695, 59.696969696969695, 59.696969696969695, 59.696969696969695, 59.696969696969695, 59.696969696969695, 59.696969696969695, 59.69387755102041, 59.69072164948454, 59.69072164948454, 59.69072164948454, 59.69072164948454, 59.69072164948454, 59.69072164948454, 59.69072164948454, 59.69072164948454, 59.69072164948454, 59.69072164948454, 59.69072164948454, 59.69072164948454, 59.69072164948454, 59.69072164948454, 59.69072164948454, 59.69072164948454, 59.69072164948454, 59.69072164948454, 59.69072164948454, 59.69072164948454, 59.69072164948454, 59.69072164948454, 59.69072164948454, 59.69072164948454, 59.69072164948454, 59.69072164948454, 59.6875, 59.6875, 59.6875, 59.68421052631579, 59.680851063829785, 59.67741935483871, 59.67391304347826, 59.67391304347826, 59.67032967032967, 59.666666666666664, 59.666666666666664, 59.666666666666664, 59.666666666666664, 59.666666666666664, 59.666666666666664, 59.666666666666664, 59.666666666666664, 59.666666666666664, 59.666666666666664, 59.662921348314605, 59.65909090909091, 59.6551724137931, 59.6551724137931, 59.6551724137931, 59.6551724137931, 59.6551724137931, 59.6551724137931, 59.6551724137931, 59.6551724137931, 59.6551724137931, 59.6551724137931, 59.6551724137931, 59.6551724137931, 59.6551724137931, 59.6551724137931, 59.651162790697676, 59.651162790697676, 59.64705882352941, 59.642857142857146, 59.642857142857146, 59.642857142857146, 59.63855421686747, 59.63414634146341, 59.629629629629626, 59.625, 59.625, 59.620253164556964, 59.620253164556964, 59.61538461538461, 59.61038961038961, 59.61038961038961, 59.61038961038961, 59.60526315789474], "iteration": [0, 1, 2, 3, 4, 5, 6, 7, 8, 9, 10, 11, 12, 13, 14, 15, 16, 17, 18, 19, 20, 21, 22, 23, 24, 25, 26, 27, 28, 29, 30, 31, 32, 33, 34, 35, 36, 37, 38, 39, 40, 41, 42, 43, 44, 45, 46, 47, 48, 49, 50, 51, 52, 53, 54, 55, 56, 57, 58, 59, 60, 61, 62, 63, 64, 65, 66, 67, 68, 69, 70, 71, 72, 73, 74, 75, 76, 77, 78, 79, 80, 81, 82, 83, 84, 85, 86, 87, 88, 89, 90, 91, 92, 93, 94, 95, 96, 97, 98, 99, 100, 101, 102, 103, 104, 105, 106, 107, 108, 109, 110, 111, 112, 113, 114, 115, 116, 117, 118, 119, 120, 121, 122, 123, 124, 125, 126, 127, 128, 129, 130], "diffrence_v_vmax": [73.19932998324958, 53.43383584589614, 55.27638190954774, 53.09882747068676, 60.97152428810719, 57.62144053601339, 60.80402010050251, 58.45896147403684, 61.13902847571189, 58.12395309882747, 66.33165829145729, 61.97654941373534, 73.53433835845895, 65.32663316582914, 72.02680067001674, 66.83417085427135, 74.20435510887772, 68.00670016750419, 75.20938023450586, 71.1892797319933, 78.72696817420434, 69.17922948073702, 78.05695142378559, 71.35678391959799, 75.20938023450586, 76.214405360134, 76.0469011725293, 75.71189279731993, 77.8894472361809, 77.55443886097152, 77.55443886097152, 74.03685092127303, 77.05192629815744, 72.36180904522614, 73.53433835845895, 72.6968174204355, 76.0469011725293, 76.71691792294807, 76.71691792294807, 78.72696817420434, 77.72194304857621, 75.20938023450586, 80.23450586264656, 77.49576988155668, 75.97292724196278, 77.66497461928935, 76.31133671742809, 78.00338409475465, 75.29610829103216, 74.45008460236886, 70.72758037225042, 69.40170940170941, 67.01208981001727, 65.63039723661485, 62.86701208981002, 60.10362694300518, 56.303972366148535, 58.72193436960277, 62.52158894645942, 60.27633851468048, 60.10362694300518, 59.067357512953365, 62.86701208981002, 58.03108808290155, 60.79447322970639, 54.74956822107081, 61.31260794473229, 47.15025906735752, 60.27633851468048, 48.877374784110536, 59.93091537132989, 51.29533678756477, 62.34887737478412, 55.78583765112263, 59.758203799654574, 56.303972366148535, 59.58549222797927, 59.758203799654574, 65.44502617801047, 62.30366492146597, 63.52530541012216, 63.31569664902999, 64.17112299465242, 65.4054054054054, 65.20947176684882, 67.75956284153006, 66.48250460405156, 66.4804469273743, 65.92178770949721, 66.85288640595903, 67.03910614525141, 69.6461824953445, 72.43947858472998, 76.16387337057728, 70.7635009310987, 78.58472998137802, 71.3221601489758, 83.2391713747646, 74.28571428571429, 83.62235067437379, 73.21772639691714, 79.96146435452793, 80.73217726396918, 80.92485549132947, 81.11753371868978, 86.31984585741812, 80.15414258188824, 88.2466281310212, 80.53949903660886, 88.0539499036609, 81.5028901734104, 84.77842003853566, 84.00770712909441, 87.71929824561403, 81.0916179337232, 86.19329388560159, 78.84231536926147, 83.23353293413174, 77.64471057884231, 80.0, 77.30061349693251, 82.6086956521739, 79.03563941299791, 83.01886792452831, 80.04246284501062, 82.16560509554141, 78.70967741935485, 82.78867102396514, 78.64923747276688, 83.66013071895425, 75.93818984547461], "number_of_cars": [100, 100, 100, 100, 100, 100, 100, 100, 100, 100, 100, 100, 100, 100, 100, 100, 100, 100, 100, 100, 100, 100, 100, 100, 100, 100, 100, 100, 100, 100, 100, 100, 100, 100, 100, 100, 100, 100, 100, 100, 100, 100, 100, 99, 99, 99, 99, 99, 99, 99, 99, 98, 97, 97, 97, 97, 97, 97, 97, 97, 97, 97, 97, 97, 97, 97, 97, 97, 97, 97, 97, 97, 97, 97, 97, 97, 97, 97, 96, 96, 96, 95, 94, 93, 92, 92, 91, 90, 90, 90, 90, 90, 90, 90, 90, 90, 90, 89, 88, 87, 87, 87, 87, 87, 87, 87, 87, 87, 87, 87, 87, 87, 87, 86, 86, 85, 84, 84, 84, 83, 82, 81, 80, 80, 79, 79, 78, 77, 77, 77, 76]}