{
  "avg_v": [
    43.8,
    34.4,
    28.4,
    29.6,
    30.0,
    32.95918367346939,
    29.285714285714285,
    32.44897959183673,
    32.3469387755102,
    35.204081632653065,
    37.04081632653061,
    36.83673469387755,
    37.857142857142854,
    37.44897959183673,
    38.87755102040816,
    38.36734693877551,
    39.69387755102041,
    34.795918367346935,
    37.857142857142854,
    39.59183673469388,
    40.61224489795919,
    42.6530612244898,
    39.285714285714285,
    41.326530612244895,
    40.51020408163265,
    43.57142857142857,
    39.69387755102041,
    44.795918367346935,
    38.265306122448976,
    43.265306122448976,
    41.53061224489796,
    42.755102040816325,
    40.10204081632653,
    42.04081632653061,
    42.04081632653061,
    42.755102040816325,
    43.36734693877551,
    46.326530612244895,
    46.224489795918366,
    45.0,
    44.067796610169495,
    44.40677966101695,
    42.71186440677966,
    44.74576271186441,
    44.067796610169495,
    44.49152542372882
  ],
  "avg_vmax": [
    59.0,
    59.0,
    59.0,
    59.0,
    58.98989898989899,
    58.97959183673469,
    58.97959183673469,
    58.97959183673469,
    58.97959183673469,
    58.97959183673469,
    58.97959183673469,
    58.97959183673469,
    58.97959183673469,
    58.97959183673469,
    58.97959183673469,
    58.97959183673469,
    58.97959183673469,
    58.97959183673469,
    58.97959183673469,
    58.97959183673469,
    58.97959183673469,
    58.97959183673469,
    58.97959183673469,
    58.97959183673469,
    58.97959183673469,
    58.97959183673469,
    58.97959183673469,
    58.97959183673469,
    58.97959183673469,
    58.97959183673469,
    58.97959183673469,
    58.97959183673469,
    58.97959183673469,
    58.97959183673469,
    58.97959183673469,
    58.97959183673469,
    58.97959183673469,
    58.97959183673469,
    58.97959183673469,
    58.97959183673469,
    58.983050847457626,
    58.983050847457626,
    58.983050847457626,
    58.983050847457626,
    58.983050847457626,
    58.983050847457626
  ],
  "iteration": [
    0,
    1,
    2,
    3,
    4,
    5,
    6,
    7,
    8,
    9,
    10,
    11,
    12,
    13,
    14,
    15,
    16,
    17,
    18,
    19,
    20,
    21,
    22,
    23,
    24,
    25,
    26,
    27,
    28,
    29,
    30,
    31,
    32,
    33,
    34,
    35,
    36,
    37,
    38,
    39,
    40,
    41,
    42,
    43,
    44,
    45
  ],
  "diffrence_v_vmax": [
    74.23728813559322,
    58.30508474576271,
    48.135593220338976,
    50.16949152542372,
    50.85616438356164,
    55.88235294117647,
    49.653979238754324,
    55.017301038062286,
    54.844290657439444,
    59.688581314878896,
    62.80276816608996,
    62.45674740484429,
    64.18685121107266,
    63.49480968858131,
    65.91695501730104,
    65.05190311418686,
    67.30103806228374,
    58.99653979238754,
    64.18685121107266,
    67.12802768166091,
    68.85813148788928,
    72.31833910034602,
    66.60899653979239,
    70.06920415224913,
    68.68512110726644,
    73.87543252595155,
    67.30103806228374,
    75.9515570934256,
    64.87889273356402,
    73.35640138408304,
    70.41522491349481,
    72.49134948096886,
    67.99307958477509,
    71.280276816609,
    71.280276816609,
    72.49134948096886,
    73.52941176470588,
    78.54671280276816,
    78.37370242214533,
    76.29757785467129,
    74.71264367816093,
    75.28735632183908,
    72.41379310344827,
    75.86206896551725,
    74.71264367816093,
    75.43103448275863
  ],
  "number_of_cars": [
    100,
    100,
    100,
    100,
    99,
    98,
    98,
    98,
    98,
    98,
    98,
    98,
    98,
    98,
    98,
    98,
    98,
    98,
    98,
    98,
    98,
    98,
    98,
    98,
    98,
    98,
    98,
    98,
    98,
    98,
    98,
    98,
    98,
    98,
    98,
    98,
    98,
    98,
    98,
    98,
    118,
    118,
    118,
    118,
    118,
    118
  ],
  "time": [
    1.001025915145874,
    1.1009738445281982,
    1.2012708187103271,
    1.3007729053497314,
    1.4013679027557373,
    1.5010409355163574,
    1.6012539863586426,
    1.7010958194732666,
    1.8004508018493652,
    1.9005959033966064,
    2.0008249282836914,
    2.1007168292999268,
    2.201030969619751,
    2.3008368015289307,
    2.4009408950805664,
    2.5008609294891357,
    2.6006979942321777,
    2.700878858566284,
    2.801062822341919,
    2.901249885559082,
    3.000938892364502,
    3.1006109714508057,
    3.2009689807891846,
    3.301306962966919,
    3.4005818367004395,
    3.500610828399658,
    3.6014208793640137,
    3.7015249729156494,
    3.80216383934021,
    3.9018049240112305,
    4.002020835876465,
    4.101902008056641,
    4.201822996139526,
    4.300764799118042,
    4.40094780921936,
    4.500979900360107,
    4.601374864578247,
    4.70130181312561,
    4.800719976425171,
    4.900765895843506,
    5.001073837280273,
    5.100729942321777,
    5.200783014297485,
    5.2997918128967285,
    5.399555921554565,
    5.500102996826172
  ]
}