{"avg_v": [1.3428571428571427, 0.5285714285714286, 0.8, 0.4857142857142857, 0.8, 0.45714285714285713, 0.9, 0.5285714285714286, 0.9571428571428572, 0.6, 0.9857142857142858, 0.6, 0.8857142857142857, 0.5142857142857142, 0.9571428571428572, 0.7, 1.0, 0.7428571428571429, 0.9571428571428572, 0.7428571428571429, 0.9285714285714286, 0.7857142857142857, 0.9428571428571428, 0.8428571428571429, 0.8142857142857143, 0.8, 0.8714285714285714, 1.0, 0.9142857142857143, 0.8714285714285714, 0.8714285714285714, 0.9285714285714286, 0.9571428571428572, 0.9571428571428572, 0.8285714285714286, 0.9571428571428572, 0.9571428571428572, 1.0285714285714285, 1.0142857142857142, 1.0285714285714285, 0.9571428571428572, 1.1285714285714286, 0.9428571428571428, 1.0, 1.0, 0.9142857142857143, 1.0714285714285714, 1.0, 1.1142857142857143, 1.0857142857142856, 1.1142857142857143, 1.1285714285714286, 0.9428571428571428, 1.0857142857142856, 1.042857142857143, 1.0857142857142856, 1.1428571428571428, 1.1714285714285715, 1.1857142857142857, 1.1428571428571428, 1.0857142857142856, 1.2, 1.1, 1.0285714285714285, 1.1142857142857143, 1.2142857142857142, 1.042857142857143, 1.1857142857142857, 1.0571428571428572, 1.0714285714285714, 0.9428571428571428, 1.0142857142857142, 1.0714285714285714, 1.1714285714285715, 1.2857142857142858, 1.1714285714285715, 1.1714285714285715, 1.2142857142857142, 1.1857142857142857, 1.0857142857142856, 1.1857142857142857, 0.9857142857142858, 1.042857142857143, 1.0857142857142856, 1.0, 1.1285714285714286, 1.2428571428571429, 1.0857142857142856, 1.1, 1.2, 1.1857142857142857, 1.1285714285714286, 1.0571428571428572, 1.2285714285714286, 1.1857142857142857, 1.1571428571428573, 1.0857142857142856, 1.1428571428571428, 1.0285714285714285, 1.1, 1.0285714285714285, 1.2142857142857142, 0.9857142857142858, 1.0142857142857142, 1.0714285714285714, 1.0285714285714285, 1.0714285714285714, 1.1571428571428573, 1.3142857142857143, 1.1714285714285715, 1.0285714285714285, 1.1428571428571428, 1.2428571428571429, 1.1428571428571428, 1.1, 0.9857142857142858, 1.042857142857143, 1.1571428571428573, 1.1428571428571428, 1.1857142857142857, 1.1142857142857143, 0.9142857142857143, 1.0, 1.0571428571428572, 1.2285714285714286, 1.1, 1.0, 0.8571428571428571, 0.8857142857142857, 0.9571428571428572, 1.0142857142857142], "avg_vmax": [1.9, 1.9, 1.9, 1.9, 1.9, 1.9, 1.9, 1.9, 1.9, 1.9, 1.9, 1.9, 1.9, 1.9, 1.9, 1.9, 1.9, 1.9, 1.9, 1.9, 1.9, 1.9, 1.9, 1.9, 1.9, 1.9, 1.9, 1.9, 1.9, 1.9, 1.9, 1.9, 1.9, 1.9, 1.9, 1.9, 1.9, 1.9, 1.9, 1.9, 1.9, 1.9, 1.9, 1.9, 1.9, 1.9, 1.9, 1.9, 1.9, 1.9, 1.9, 1.9, 1.9, 1.9, 1.9, 1.9, 1.9, 1.9, 1.9, 1.9, 1.9, 1.9, 1.9, 1.9, 1.9, 1.9, 1.9, 1.9, 1.9, 1.9, 1.9, 1.9, 1.9, 1.9, 1.9, 1.9, 1.9, 1.9, 1.9, 1.9, 1.9, 1.9, 1.9, 1.9, 1.9, 1.9, 1.9, 1.9, 1.9, 1.9, 1.9, 1.9, 1.9, 1.9, 1.9, 1.9, 1.9, 1.9, 1.9, 1.9, 1.9, 1.9, 1.9, 1.9, 1.9, 1.9, 1.9, 1.9, 1.9, 1.9, 1.9, 1.9, 1.9, 1.9, 1.9, 1.9, 1.9, 1.9, 1.9, 1.9, 1.9, 1.9, 1.9, 1.9, 1.9, 1.9, 1.9, 1.9, 1.9, 1.9, 1.9], "iteration": [0, 1, 2, 3, 4, 5, 6, 7, 8, 9, 10, 11, 12, 13, 14, 15, 16, 17, 18, 19, 20, 21, 22, 23, 24, 25, 26, 27, 28, 29, 30, 31, 32, 33, 34, 35, 36, 37, 38, 39, 40, 41, 42, 43, 44, 45, 46, 47, 48, 49, 50, 51, 52, 53, 54, 55, 56, 57, 58, 59, 60, 61, 62, 63, 64, 65, 66, 67, 68, 69, 70, 71, 72, 73, 74, 75, 76, 77, 78, 79, 80, 81, 82, 83, 84, 85, 86, 87, 88, 89, 90, 91, 92, 93, 94, 95, 96, 97, 98, 99, 100, 101, 102, 103, 104, 105, 106, 107, 108, 109, 110, 111, 112, 113, 114, 115, 116, 117, 118, 119, 120, 121, 122, 123, 124, 125, 126, 127, 128, 129, 130], "diffrence_v_vmax": [70.67669172932331, 27.819548872180455, 42.10526315789474, 25.563909774436087, 42.10526315789474, 24.060150375939852, 47.36842105263158, 27.819548872180455, 50.37593984962406, 31.57894736842105, 51.8796992481203, 31.57894736842105, 46.616541353383454, 27.06766917293233, 50.37593984962406, 36.84210526315789, 52.63157894736842, 39.09774436090226, 50.37593984962406, 39.09774436090226, 48.872180451127825, 41.35338345864662, 49.62406015037594, 44.360902255639104, 42.85714285714286, 42.10526315789474, 45.86466165413534, 52.63157894736842, 48.120300751879704, 45.86466165413534, 45.86466165413534, 48.872180451127825, 50.37593984962406, 50.37593984962406, 43.60902255639098, 50.37593984962406, 50.37593984962406, 54.13533834586466, 53.383458646616546, 54.13533834586466, 50.37593984962406, 59.3984962406015, 49.62406015037594, 52.63157894736842, 52.63157894736842, 48.120300751879704, 56.390977443609025, 52.63157894736842, 58.64661654135339, 57.14285714285714, 58.64661654135339, 59.3984962406015, 49.62406015037594, 57.14285714285714, 54.88721804511278, 57.14285714285714, 60.150375939849624, 61.654135338345874, 62.40601503759399, 60.150375939849624, 57.14285714285714, 63.1578947368421, 57.89473684210527, 54.13533834586466, 58.64661654135339, 63.90977443609023, 54.88721804511278, 62.40601503759399, 55.63909774436091, 56.390977443609025, 49.62406015037594, 53.383458646616546, 56.390977443609025, 61.654135338345874, 67.66917293233084, 61.654135338345874, 61.654135338345874, 63.90977443609023, 62.40601503759399, 57.14285714285714, 62.40601503759399, 51.8796992481203, 54.88721804511278, 57.14285714285714, 52.63157894736842, 59.3984962406015, 65.41353383458647, 57.14285714285714, 57.89473684210527, 63.1578947368421, 62.40601503759399, 59.3984962406015, 55.63909774436091, 64.66165413533835, 62.40601503759399, 60.90225563909776, 57.14285714285714, 60.150375939849624, 54.13533834586466, 57.89473684210527, 54.13533834586466, 63.90977443609023, 51.8796992481203, 53.383458646616546, 56.390977443609025, 54.13533834586466, 56.390977443609025, 60.90225563909776, 69.17293233082708, 61.654135338345874, 54.13533834586466, 60.150375939849624, 65.41353383458647, 60.150375939849624, 57.89473684210527, 51.8796992481203, 54.88721804511278, 60.90225563909776, 60.150375939849624, 62.40601503759399, 58.64661654135339, 48.120300751879704, 52.63157894736842, 55.63909774436091, 64.66165413533835, 57.89473684210527, 52.63157894736842, 45.11278195488722, 46.616541353383454, 50.37593984962406, 53.383458646616546]}