{
  "avg_v": [
    44.3,
    35.5,
    32.9,
    34.44444444444444,
    33.775510204081634,
    36.8041237113402,
    37.01030927835052,
    39.0625,
    37.083333333333336,
    39.6875,
    38.4375,
    40.421052631578945,
    40.21052631578947,
    41.78947368421053,
    42.526315789473685,
    42.73684210526316,
    43.1578947368421,
    44.8421052631579,
    46.94736842105263,
    46.63157894736842,
    45.05263157894737,
    45.36842105263158,
    45.1578947368421,
    44.526315789473685,
    46.73684210526316,
    48.21052631578947,
    47.578947368421055,
    49.36842105263158,
    50.94736842105263
  ],
  "avg_vmax": [
    59.3,
    59.3,
    59.3,
    59.292929292929294,
    59.285714285714285,
    59.27835051546392,
    59.27835051546392,
    59.270833333333336,
    59.270833333333336,
    59.270833333333336,
    59.270833333333336,
    59.26315789473684,
    59.26315789473684,
    59.26315789473684,
    59.26315789473684,
    59.26315789473684,
    59.26315789473684,
    59.26315789473684,
    59.26315789473684,
    59.26315789473684,
    59.26315789473684,
    59.26315789473684,
    59.26315789473684,
    59.26315789473684,
    59.26315789473684,
    59.26315789473684,
    59.26315789473684,
    59.26315789473684,
    59.26315789473684
  ],
  "iteration": [
    0,
    1,
    2,
    3,
    4,
    5,
    6,
    7,
    8,
    9,
    10,
    11,
    12,
    13,
    14,
    15,
    16,
    17,
    18,
    19,
    20,
    21,
    22,
    23,
    24,
    25,
    26,
    27,
    28
  ],
  "diffrence_v_vmax": [
    74.70489038785834,
    59.86509274873525,
    55.4806070826307,
    58.09199318568995,
    56.970740103270224,
    62.086956521739125,
    62.43478260869566,
    65.90509666080844,
    62.56590509666081,
    66.95957820738137,
    64.8506151142355,
    68.20603907637654,
    67.85079928952042,
    70.51509769094139,
    71.75843694493783,
    72.11367673179396,
    72.82415630550622,
    75.66607460035524,
    79.21847246891652,
    78.68561278863233,
    76.02131438721138,
    76.55417406749557,
    76.19893428063943,
    75.13321492007104,
    78.86323268206039,
    81.34991119005328,
    80.28419182948491,
    83.30373001776199,
    85.96802841918294
  ],
  "number_of_cars": [
    100,
    100,
    100,
    99,
    98,
    97,
    97,
    96,
    96,
    96,
    96,
    95,
    95,
    95,
    95,
    95,
    95,
    95,
    95,
    95,
    95,
    95,
    95,
    95,
    95,
    95,
    95,
    95,
    95
  ],
  "time": [
    1.0005290508270264,
    1.100600004196167,
    1.2010071277618408,
    1.3009521961212158,
    1.4008471965789795,
    1.500190019607544,
    1.6004672050476074,
    1.7005650997161865,
    1.8008670806884766,
    1.9003970623016357,
    2.0004971027374268,
    2.100816011428833,
    2.2009851932525635,
    2.30092716217041,
    2.400501012802124,
    2.501002073287964,
    2.60030198097229,
    2.700685977935791,
    2.8005530834198,
    2.9002439975738525,
    3.001082181930542,
    3.100912094116211,
    3.2005221843719482,
    3.300229072570801,
    3.400376081466675,
    3.5011520385742188,
    3.6017751693725586,
    3.7012200355529785,
    3.801499128341675
  ]
}