{
  "simulation_number": [
    1
  ],
  "starting_num_cars": [
    300
  ],
  "final_num_cars": [
    260
  ],
  "starting_v": [
    28.907849829351537
  ],
  "end_v": [
    39.30769230769231
  ],
  "procent": [
    61.162111561584844
  ],
  "min_outflow": [
    1000
  ],
  "max_outflow": [
    0
  ],
  "v_min": [
    20.266666666666666
  ],
  "v_max": [
    42.10144927536232
  ]
}