{
  "simulation_number": [
    1
  ],
  "starting_num_cars": [
    300
  ],
  "final_num_cars": [
    268
  ],
  "starting_v": [
    29.01023890784983
  ],
  "end_v": [
    36.04477611940298
  ],
  "procent": [
    56.69949619508134
  ],
  "min_outflow": [
    1000
  ],
  "max_outflow": [
    0
  ],
  "v_min": [
    20.433333333333334
  ],
  "v_max": [
    41.63333333333333
  ]
}