{
  "simulation_number": [
    1,
    2
  ],
  "starting_num_cars": [
    100,
    100
  ],
  "final_num_cars": [
    105,
    98
  ],
  "starting_v": [
    40.714285714285715,
    43.87755102040816
  ],
  "end_v": [
    42.0,
    42.857142857142854
  ],
  "procent": [
    69.40514907629858,
    65.77938180275274
  ],
  "min_outflow": [
    0,
    0
  ],
  "max_outflow": [
    27,
    0
  ],
  "v_min": [
    27.3,
    31.1
  ],
  "v_max": [
    49.306930693069305,
    43.87755102040816
  ]
}