{
  "simulation_number": [
    10,
    11,
    12,
    13,
    14
  ],
  "starting_num_cars": [
    100,
    100,
    100,
    300,
    300
  ],
  "final_num_cars": [
    32,
    55,
    99,
    148,
    288
  ],
  "starting_v": [
    38.46938775510204,
    38.63157894736842,
    34.1,
    31.904761904761905,
    29.425675675675677
  ],
  "end_v": [
    20.625,
    30.545454545454547,
    30.2020202020202,
    28.986486486486488,
    36.94444444444444
  ],
  "procent": [
    58.19427731550085,
    64.23367134484774,
    56.055457541867234,
    53.71575058175176,
    55.84413591634383
  ],
  "min_outflow": [
    0,
    0,
    0,
    0,
    0
  ],
  "max_outflow": [
    44,
    75,
    85,
    141,
    0
  ],
  "v_min": [
    13.636363636363637,
    20.0,
    18.0,
    19.066666666666666,
    18.133333333333333
  ],
  "v_max": [
    47.61363636363637,
    49.25,
    44.714285714285715,
    41.47727272727273,
    43.46666666666667
  ]
}