{
  "simulation_number": [1, 2, 3, 4, 5, 6, 7, 8, 9],
  "starting_num_cars": [100, 100, 100, 300, 300, 300, 500, 500, 500],
  "final_num_cars": [178, 263, 396, 179, 348, 484, 265, 401, 511],
  "starting_v": [
    35.51020408163265,
    39.48453608247423,
    37.628865979381445,
    28.754208754208754,
    28.843537414965986,
    28.716216216216218,
    30.081135902636916,
    27.44421906693712,
    29.046653144016226
  ],
  "end_v": [
    26.46067415730337,
    27.566539923954373,
    26.363636363636363,
    25.69832402234637,
    24.56896551724138,
    25.640495867768596,
    22.641509433962263,
    26.633416458852867,
    25.69471624266145
  ],
  "procent": [
    49.21479951530001,
    54.539616831925606,
    50.545852743728034,
    48.90955943739625,
    46.09148758766955,
    46.79485070909352,
    42.11037165079884,
    43.90661688475872,
    44.73808911561525
  ],
  "min_outflow": [0, 0, 0, 0, 0, 0, 1, 0, 0],
  "max_outflow": [73, 114, 268, 531, 460, 377, 864, 243, 625],
  "v_min": [
    18.89763779527559,
    18.81188118811881,
    19.137931034482758,
    18.522727272727273,
    18.235294117647058,
    19.62750716332378,
    17.42,
    17.81563126252505,
    17.86
  ],
  "v_max": [
    45.95744680851064,
    48.80733944954128,
    45.97938144329897,
    42.06666666666667,
    42.13333333333333,
    42.43333333333333,
    42.28,
    42.24,
    42.22
  ]
}
