{
  "simulation_number": [10, 11, 12, 13, 14, 15, 16, 17, 18],
  "starting_num_cars": [100, 100, 100, 300, 300, 300, 500, 500, 500],
  "final_num_cars": [94, 172, 200, 90, 222, 275, 205, 233, 315],
  "starting_v": [
    37.142857142857146,
    38.888888888888886,
    41.515151515151516,
    28.986486486486488,
    31.2,
    27.857142857142858,
    27.18052738336714,
    28.39430894308943,
    28.617886178861788
  ],
  "end_v": [
    29.680851063829788,
    25.0,
    28.6,
    28.0,
    24.81981981981982,
    27.818181818181817,
    22.73170731707317,
    22.01716738197425,
    24.92063492063492
  ],
  "procent": [
    48.09603013023273,
    48.024871561381815,
    54.72585640770278,
    51.695053325246235,
    44.05417585349102,
    45.92852804623301,
    40.09972033296404,
    42.82719448200288,
    42.71247476487308
  ],
  "min_outflow": [0, 3, 5, 0, 4, 7, 2, 2, 0],
  "max_outflow": [52, 81, 125, 378, 293, 265, 684, 1486, 1035],
  "v_min": [
    13.333333333333334,
    17.0,
    16.71641791044776,
    14.0,
    17.157894736842106,
    17.611940298507463,
    15.714285714285714,
    17.352941176470587,
    16.28205128205128
  ],
  "v_max": [
    47.608695652173914,
    44.54545454545455,
    52.12765957446808,
    48.627450980392155,
    41.2,
    42.63333333333333,
    41.94,
    42.3,
    41.96
  ]
}
